﻿<?xml version="1.0" encoding="utf-8" ?>
<HE>
	<!--oracle连接串-->
	<OracleConn>Data Source=(DESCRIPTION=(ADDRESS=(PROTOCOL=TCP)(HOST=192.168.8.168)(PORT=1521))(CONNECT_DATA=(SID=TS)));User Id=system;Password=Sin19900530;</OracleConn>

	<!--查询SQL语句，可参考下面示例-->
	<Sql>select exam_no as AccNo, patient_id as PatientID, NAME as sName, Age as Age, SEX as Sex, exam_sub_class as CheckPart, CLIN_SYMP as Depart, '' as ZyNo, exam_class as CheckMechine, exam_date_time as CheckTime, report_date_time as ReportTime, reporter as ReportDoc, confirm_doct as ComDoc, 0 as ImgNum, description as ReportWatch, Impression as ReportContent, Patient_source_name as ZYType, '' as ComDoc1, '' as ComDocImg, 0 as IsPrint, CLIN_SYMP as Diagnose, '' as BedNo FROM v_fszz_exam_report where exam_class != 'ＣＴ' and report_date_time>=sysdate - 30/1440  ORDER BY report_date_time desc</Sql>

	<!--修改状态oracle连接串-->
	<OracleConnUpdateStatus>Data Source=(DESCRIPTION=(ADDRESS=(PROTOCOL=TCP)(HOST=192.168.8.168)(PORT=1521))(CONNECT_DATA=(SID=TS)));User Id=system;Password=Sin19900530;</OracleConnUpdateStatus>

	<!--修改状态SQL语句，条件为检查号。按放射科的要求：病人在自助机上打完报告后，要将已打印的信息回传到RIS报告系统。
RIS数据库：132.147.15.15 pacsdb1 1521 字符集：AMERICAN_AMERICA.US7ASCII
    写入信息： 表：patregister 字段： print_status  内容：'已打印'。
    与HIS的关联： HIS中 exam_master 表中 exam_no 等于 patregister 表中的clinicno-->
	<SqlUpdateStatus>update patregister set print_status='已打印' where clinicno='{0}'</SqlUpdateStatus>
	
	<!--取最近多少分钟内数据（单位：分钟）-->
	<DataStartTime>10</DataStartTime>

	<!--服务运行间隔时间(单位：秒)-->
	<Interval>60</Interval>

	<!--保存数据接口地址-->
	<SaveUrl>http://localhost:8172/interface/ReceiveReport</SaveUrl>

	<!--对外提供webapi服务器，如：回写打印状态地址为 http://localhost:8181/api/interface/WriteBackPrintStatus -->
	<WebApiHost>http://localhost:8181</WebApiHost>
</HE>

<!--以下为sql配置说明-->
<!--
sql语句示例：请仔细填写sql语句，将''改成对应字段名，最好将改后的语句拿到数据库客户端执行确保正确！

SELECT 	
	'' as AccNo,  ——检查号
	'' as PatientID,  ——病人号
	'' as sName,  ——病人姓名
	'' as Age,  ——病人年龄
	'' as Sex,  ——病人性别（男或女）
	'' as CheckPart,  ——检查部位
	'' as Depart,  ——申请科室
	'' as ZyNo,  ——住院号
	'' as CheckMechine,  ——检查设备
	'' as CheckTime,  ——检查时间/检查日期（如 2020-12-25 12:09:01）
	'' as ReportDoc,  ——报告医生
	'' as ComDoc,  ——审核医生
	'' as ReportFile,  ——报告文件
	'' as ReportTime,  ——报告时间/报告生成时间（如 2020-12-25 12:09:01）
	0 as IsPrint,  ——是否已打印（值只能是0或1，0表示未打印，1表示已打印）
	'' as ZYType,  ——住院标志（值只能是"门诊"或"住院"）
	'' as ReportWatch,  ——检查所见
	'' as ReportContent,  ——报告内容
	CLIN_SYMP as Diagnose,
	'' as BedNo

 FROM ViewName  ——ViewName为对应的表或视图名称
	
 WHERE CreateTime>=sysdate-{0}/1440 ——CreateTime为对应的时间字段，'{0}'占位符不用改动
-->


<!--用于测试：

SELECT
AccNo,
PatientID,
sName,
Age,
Sex,
CheckPart,
Depart,
ZyNo,
CheckMechine,
CheckTime,
ReportDoc,
ComDoc,
ReportFile,
ReportTime,
0 as IsPrint,
ZYType,
ReportWatch,
ReportContent,
CLIN_SYMP as Diagnose,
'' as BedNo

FROM HE_Report

WHERE CreateTime>=sysdate-{0}/1440

-->